tweet_id,text,label,emotion
1,i still feel the need to say fuck you that was horrible,0,sadness
2,i woke up on tuesday morning on a high but since then ive been feeling low again oh that rhymes,0,sadness
3,i feel very emotional about this weekend title perez i feel very emotional about this weekend a href http www,0,sadness
4,i feel weepy and whiney,0,sadness
5,ive this bad feeling that im being hated,0,sadness
6,i just feel beaten down by some of the comments the instructor makes,0,sadness
7,i feel like an idiot half of the time and i feel ungrateful the other half,0,sadness
8,i understand that he s dead but i just feel so heartbroken,0,sadness
9,i sat feeling helpless,0,sadness
10,i feel like those unfortunate automobilists who achieve an unenviable motoriety by coming to a hopeless stop with their cars in the most crowded thoroughfares,0,sadness
11,i headed into manhattan with norton i opted to exit penn station directly and take a cab i wasn t feeling adventurous enough to venture forth to the subways just yet,1,joy
12,im feeling quite triumphant now,1,joy
13,id love to hear from you so if you have any questions or just want a chat feel free to contact me,1,joy
14,i could definitely feel it and it wasn t at all pleasant,1,joy
15,i feel that women should be accepted into any field of work they want just like men,1,joy
16,im not looking forward to my one on one because one its saturday and two im not feeling well,1,joy
17,i watch this pattern in myself i feel determined to see a new perspective,1,joy
18,i might possibly feel mellow in which case the world is spared,1,joy
19,i feel so popular because all of my friends invite me to come to see them,1,joy
20,i do not like chain letters or anything that says you must we all have too many things we feel we must do so i give it to you freely with no obligation that you must do anything except the sincere wish for you to be happy,1,joy
21,i love the fact that this mineral powder has anti ageing properties with the included ingredients such as vitamin b c and e so it cares for my skin all day long making it feel so lovely to wear and without drying out my skin either,2,love
22,i am feeling treasured,2,love
23,i feel so horny byou said as he put his arms around ruki and kissed him hard on the lips,2,love
24,i feel like i am hugging and loving my family,2,love
25,i cast aside my fears and ill tell how i feel ive admired you for quite some time,2,love
26,i feel as though at some point i decided that romantic relationships were entirely optional,2,love
27,i feel like a flame wielding murder machine on my fire mage and i am completely loving it,2,love
28,i doubt i ll ever be able to convince my father that my feeling of all the emotions is also what makes me a loving and attentive friend daughter and sister,2,love
29,i would never condone what happened to the son i feel there are some people who have to be offered a more sympathetic treatment because the father was so frightened by what he did i knew he would never do anything similar again,2,love
30,im feeling rather nostalgic for my year old self i will note that todays overalls have been somewhat updated given the denim trends of the last few years but i have a feeling they will still be straight up man repellers,2,love
31,i feel as though ive insulted you by comparing you to this pathetic singer if you can call him that,3,anger
32,i was a little worried that id feel resentful about working late for half of what i usually make,3,anger
33,i ask the doctor after inhaling what feels like a most tortured last breath,3,anger
34,i feel rather spiteful and harsh,3,anger
35,i hold pretty heavy grudges when i feel someone has wronged me,3,anger
36,i dunno was feeling rebellious and when the bus came i refused to get on right,3,anger
37,i still feel like crap i drink more cold water,3,anger
38,i think from something so pointless amp stupid that i feel petty even writing it,3,anger
39,i feel irritable and uncomfortable from pregnancy the last thing he needed was a condition of keeping me awake nights,3,anger
40,i wanna throw my desk out the window but its weird how im not feelin any kind of anger but i want to perform violent acts,3,anger
41,i walked in the office in pain and left feeling like i had been tortured,4,fear
42,i feel a strange sense of guilt about it all,4,fear
43,i needed to stay with the reality how it really was because it was too precious and it felt like he was always present but at the same time it was that feeling of being scared,4,fear
44,i feel insecure i have lost focus,4,fear
45,im by no means huge however as im only i find that any extra weight at all makes me feel very uncomfortable in myself as well as my clothes,4,fear
46,i feel reluctant for the start of this new semester i feel some hope,4,fear
47,i feel paranoid when im around you guys,4,fear
48,i think it s the first time i do just x icons i feel weird lol hm,4,fear
49,i was still feeling distraught about the lack of progress on the baby front as well,4,fear
50,i feel strange about writing this post,4,fear
51,ive been lurking and browsing for a few days now feeling alternately impressed by some very thought provoking blogs and then almost shocked by others that bare all,5,surprise
52,i felt and feel a wash of ludicrous guilt at that as if losing track of a date meant id forgotten about her,5,surprise
53,i could feel a strange connect with demons and gods ying and yang of life which existed,5,surprise
54,i normally hate sci fi and fantasy but this movie got me loving the books and i just feel so amazed by the dedication and hard work,5,surprise
55,i not only feel more like myself i feel less culture shocked,5,surprise
56,i feel a little weird writing this post because i have spent the last couple of hours looking into a world so far from,5,surprise
57,i must not be the only one whos feeling already a little overwhelmed by christmas,5,surprise
58,i feel impressed to say how great it is belong to the largest women s organization in the world and that this organization the women s organization of the church of jesus christ of latter day saints is one of the greatest blessings in my life,5,surprise
59,i did always feel curious about that mysterious ans elusive rush of endorphin that lighter than air boundless feeling runners talk about,5,surprise
60,i feel about soldiers you may not be surprised,5,surprise
